<?xml version="1.0" encoding="UTF-8" ?>
<!DOCTYPE mapper PUBLIC "-//mybatis.org//DTO Mapper 3.0//EN" "http://mybatis.org/dtd/mybatis-3-mapper.dtd">

<mapper namespace="com.mac.demo.mappers.MybatisBoardMapper">
	
	<select id="getListAll" resultType="com.mac.demo.model.Board">
		SELECT num, LPAD('ㅤ└', (LEVEL-1)*3, 'ㅤ')||title AS title, wdate, pcode FROM BOARD
					START WITH pcode=0
					CONNECT BY PRIOR num=pcode
					ORDER SIBLINGS BY wdate DESC
	</select>
	
	<insert id="write" parameterType="com.mac.demo.model.Board">
		INSERT INTO BOARD VALUES(BOARD_NUM.NEXTVAL, #{title}, #{contents}, #{author}, SYSDATE, #{pcode})
	</insert>
	
	<select id="getBoardByNum" parameterType="Integer" resultType="com.mac.demo.model.Board">
		SELECT * FROM board WHERE num=#{num}
	</select>
	
	<update id="update" parameterType="com.mac.demo.model.Board">
		UPDATE board SET title=#{title}, contents=#{contents} WHERE num=#{num}
	</update>
	
	<delete id="remove" parameterType="Integer">
		DELETE FROM board WHERE num=#{num}
	</delete>
</mapper>